"Invoice Id","Order Id","Delivery Date","Total Amount","Paid Amount","Balance Amount","Status","Barcode","Customer ID","Customer Name","Customer Phone Number","Invoice Type","Notes","Active"
"U2MZ-1121","1647596460837",,"150","150","0",,"gn11qzkpa344npgfzvzxs7",,,,"cashAndCarry",,true
"46MR-6972","1647597616834","2022-03-19","150","150","0",,"jqnfx36tcsnyrwhf6dro7",118,"march","8523698523","onAccount",,true
"F46M-0003","1647597679769","2022-03-20","7150","7150","0",,"bzi3p3ck7h2l51zapn8pb",118,"march","8523698523","onAccount",,true
"3ZS1-9193","1647597848977",,"550","100","450",,"j4iwz571wrd9d2193wxio",,,,"cashAndCarry",,true
"H9FX-4042","1647601313754",,"6050","6050","0",,"7n2qhwkaupusus6ipf707a",,,,"cashAndCarry",,true
"RTIY-4488","1647682313460",,"550","550","0",,"f2rotf7ivotbt1oji83c4d",,,,"cashAndCarry",,true
"8IH8-8045","1647602127728","2022-03-18","7050","7050","0",,"1v1st0t4iihhrxl9hrimyb",119,"vaishu","1232123212","onAccount",,true
"19OT-9176","1647602208878",,"2050","2050","0",,"3xh35aseqdkh8gxua0duzp",,,,"cashAndCarry",,true
"18Y1-4445","1647602224144",,"550","500","50",,"5r69winj1oklk2ljuprmxo",,,,"cashAndCarry",,true
"OXM9-0226","1647682479450",,"7050","7050","0",,"3q8zfhpwq0743e76yr30vi",,,,"cashAndCarry",,true
"AY15-4877","1647669624083",,"48438","48438","0",,"6unznxy3ejnpi7ebn72eta",,,,"cashAndCarry",,true
"MXLF-8813","1647669628671",,"550","550","0",,"l9uid0yursatq35cvsh4kc",,,,"cashAndCarry",,true
"T780-0354","1647669709703",,"550","55","495",,"e2v71wcdov7eui2nch7vpa",,,,"cashAndCarry",,true
"R9GG-8449","1647669708107",,"7050","7050","0",,"vh6okitq4smey9c2vgpy",,,,"cashAndCarry",,true
"XUGT-8768","1647679568183",,"550","550","0",,"64hfho2q8796ovhhfti3hg",,,,"cashAndCarry",,true
"2Y5M-8013","1647680397423",,"7050","7050","0",,"6g9xxx8xh4jdcfcj85ikzc",,,,"cashAndCarry",,true
"HI1U-8294","1647680627770",,"150","150","0",,"bbwkqguih3rlunblx3g96c",,,,"cashAndCarry",,true
"4D5Z-5630","1647680675005",,"7050","7050","0",,"aopep40lyhcwysipsz0sff",,,,"cashAndCarry",,true
"X0AB-7120","1647680776494",,"150","150","0",,"pf76ihsvo2yu48wului2",,,,"cashAndCarry",,true
"X9PZ-0407","1647680819955",,"7150","7150","0",,"gwz38eciuo9n6mbfazo5go",,,,"cashAndCarry",,true
"XU8Y-2891","1647680862667",,"7050","7050","0",,"a0jxg2ltgmw107yvthlknz",,,,"cashAndCarry",,true
"IR6V-3128","1647680872605",,"7050","7050","0",,"ebwqi0b5npc3js74gtajb",,,,"cashAndCarry",,true
"ZVJL-8452","1647680957699",,"150","150","0",,"dolhedd14mtsdp1b5a02k",,,,"cashAndCarry",,true
"O2AA-7172","1647681036552",,"150","150","0",,"5vqiykqwq0opnyp83slapf",,,,"cashAndCarry",,true
"JTQT-1653","1647681271109",,"150","150","0",,"sqqcoti75ddgaidk4io0zp",,,,"cashAndCarry",,true
"OBFO-4698","1647681773520",,"7050","7050","0",,"z0gbo6igclv283nc6gcso",,,,"cashAndCarry",,true
"YKK8-3336","1647682002480",,"550","550","0",,"cc96vo7b84jg0r50tyy4v",,,,"cashAndCarry",,true
"8LJU-3226","1647682062400",,"150","150","0",,"4i0u4a66v3mzkljnw1ta9",,,,"cashAndCarry",,true
"0CO2-4928","1647682274115",,"550","550","0",,"fp618h7863zt74dejbyx",,,,"cashAndCarry",,true
"HBXT-9132","1647682568533",,"47938","47938","0",,"mk1njmzlyvrlfoygi5lwd8",,,,"cashAndCarry",,true
"KT41-8849","1647682737780",,"550","550","0",,"32dacpyft9k4yfocpmzwx",,,,"cashAndCarry",,true
"XS9P-8089","1647682967230",,"550","550","0",,"x6c6n4v380g69r8mywysgh",,,,"cashAndCarry",,true
"O54N-9603","1647683028744",,"550","550","0",,"6mq3okj37lj2bwk5sxt9nq",,,,"cashAndCarry",,true
"KZIN-2877","1647683472005",,"7050","7050","0",,"g1lea2d16deg77w5tz8h",,,,"cashAndCarry",,true
"1VHG-9659","1647683678982",,"7050","7050","0",,"3a0t7pu40xje98rx7kvxwe",,,,"cashAndCarry",,true
"8X3M-8508","1647683717796",,"150","150","0",,"1dxmnlpu2ddb66ikok6bz9",,,,"cashAndCarry",,true
"YJ21-0787","1647683760262",,"7050","7050","0",,"zj43klb4umnf8npw3gb",,,,"cashAndCarry",,true
"1EMJ-7834","1647683797251",,"550","55","495",,"wkdjcs9ijf243k0gkcmcj",,,,"cashAndCarry",,true
"UHEW-6714","1647683876161",,"7050","705","6345",,"hvhbq5v9kvq6gx3675mpgt",,,,"cashAndCarry",,true
"D5FX-3208","1647684032336",,"550","50","500",,"nw4z24g2wa4orrv4lrxj7",,,,"cashAndCarry",,true
"E8SA-6997","1647684096454",,"7050","7050","0",,"cu8a2umiz5mlodntx3zofp",,,,"cashAndCarry",,true
"8RMC-9796","1647684109116",,"7050","705","6345",,"d0sjuc1kstrhz7a98sqtbb",,,,"cashAndCarry",,true
"RN75-4821","1647684234410",,"550","50","500",,"kqnug5yzap8725adft0427",,,,"cashAndCarry",,true
"5O11-1850","1647684371356",,"7050","750","6300",,"2zfw28gyqp2a6vdjg1day",,,,"cashAndCarry",,true
"8JB8-2718","1647684442167",,"7050","750","6300",,"6i5kvfn1myqkls168066",,,,"cashAndCarry",,true
"1X5P-0782","1647684520286",,"47938","4798","43140",,"e6nzmekbkekl7m3e8o8clr",,,,"cashAndCarry",,true
"S992-1783","1647684650963",,"47938","4793","43145",,"3vq6wc2xbjlui93r8fqdaa",,,,"cashAndCarry",,true
"NGR1-5650","1647684815107",,"7050","705","6345",,"snag7hsfqvk9q8f6f51xpv",,,,"cashAndCarry",,true
"38B3-1320","1647684880830",,"7050","705","6345",,"ykf6jb22ss96s44pua43vb",,,,"cashAndCarry",,true
"5HO4-7525","1647685226576",,"550","55","495",,"rbta18s4jbn5p4uetrw134",,,,"cashAndCarry",,true
"JMWF-3513","1647685512838",,"7050","705","6345",,"tke4xwcrf8dzcyuns66vr",,,,"cashAndCarry",,true
"CWHJ-3577","1647685603075",,"150","10","140",,"k6du0hxwnrpaph35zxqvg",,,,"cashAndCarry",,true
"ZNJY-1770","1647685681273",,"47938","4793","43145",,"gqbxotdkuwgl4vvtx0mtmn",,,,"cashAndCarry",,true
"5CEB-1386","1647685830748",,"550","55","495",,"sya98hdldnssv7xvzez86",,,,"cashAndCarry",,true
"2TL4-5719","1647709194739",,"550","550","0",,"hjsu6pw2c319qdq43i5dd",,,,"cashAndCarry",,true
"CT1E-6909","1647709215706",,"160","16","144",,"96tw7679todj0br0swi8jb",,,,"cashAndCarry",,true
"Y66H-9278","1647710028847",,"7050","7050","0",,"a09a1eadb6ndzdnkkqxnya",,,,"cashAndCarry",,true
"O3ZY-8776","1647710048480",,"150","15","135",,"3abb48cqlkpd4vtlqmznrs",,,,"cashAndCarry",,true
"5CUB-3392","1647835732414",,"4550","600","3950",,"xeikdij8jfqf3bzbwhw2r",,,,"cashAndCarry",,true
"2R2J-7169","1647710876871",,"550","55","495",,"gfvh4h8eowkgzo3bhg5bl",,,,"cashAndCarry",,true
"6O6A-5756","1647710154857",,"7050","775","6275",,"qowzrema1da6qkn4p50ek",,,,"cashAndCarry",,true
"QUGB-6540","1647850986378",,"48088","48088","0",,"z85gmqjyoyan6bag0fe3yd",,,,"cashAndCarry",,true
"6BM8-9410","1647841059280",,"47938","500","47438",,"t8g9vrcv46ts0ou7cfx6d",,,,"cashAndCarry",,true
"E21H-8686","1647841088480",,"160","160","0",,"vjf9y0kb86b5ge3lmay665",,,,"cashAndCarry",,true
"ELZT-3734","1647841133499",,"160","160","0",,"tri5er3eluh6stn8rptgm",,,,"cashAndCarry",,true
"NG0J-3751","1647842033593",,"150","150","0",,"bb0eg6zfp9jad30hvmeo1f",,,,"cashAndCarry",,true
"VP7U-7527","1647842147386",,"150","150","0",,"3lxovayhhqcdlrzu9yveve",,,,"cashAndCarry",,true
"A4X7-2199","1647842191945",,"150","150","0",,"ap70xgie2qtz1ctcvijm",,,,"cashAndCarry",,true
"67ZV-3432","1647603633209","2022-03-18","7150","7150","0",,"yctnr20jaz8tlcogojv75k",117,"Very New Customer","1254639870","onAccount",,true
"JSY8-3672","1647842533415",,"150","150","0",,"zestbmnwimkxl0gro83jfi",,,,"cashAndCarry",,true
"3ZQH-0473","1647842760242",,"150","150","0",,"0g4ryxlke8plx050gr64dg",,,,"cashAndCarry",,true
"G6IP-2299","1647835301404","2022-03-21","7050","7050","0",,"00vp9rf2ecpou04b66i1zx",117,"Very New Customer","1254639870","onAccount",,true
"0HK5-0652","1647846140356",,"47938","47938","0",,"idlzvnq0omobx9ruetb2j7",,,,"cashAndCarry",,true
"NV2N-0301","1647846200016",,"47938","47938","0",,"q5hunxkm949o80vft71c",,,,"cashAndCarry",,true
"7FXG-6453","1647846376154",,"550","550","0",,"gwkm69tw2na6gtvo0m3yj",,,,"cashAndCarry",,true
"3WJJ-7555","1647685887066",,"7050","705","6345",,"kkkdk5xf0f8djs4euzo5i",,,,"cashAndCarry",,true
"79K8-7729","1647833306744",,"550","50","500",,"s2y69o65a9ctw0u2uked0e",,,,"cashAndCarry",,true
"S96K-0715","1647834109713",,"1240","1240","0",,"avms4h1w2njbgplfqjvi3m",,,,"cashAndCarry",,true
"QYAH-8212","1647834257222","2022-03-21","150","150","0",,"zftx4s24j8b62z4rjs1g1t",118,"march","8523698523","onAccount",,true
"HR3S-1532","1647834910439",,"150","150","0",,"3z840hrpcwitkpzgzcjv7d",,,,"cashAndCarry",,true
"82UR-7299","1647834946586",,"7050","7050","0",,"ajzid16xz2qlf1ruigaxs",,,,"cashAndCarry",,true
"LPDU-5984","1647846635691",,"47938","47938","0",,"y86fqixc1ajpv6y4ieare",,,,"cashAndCarry",,true
"2AWR-6454","1647846646237",,"7050","7050","0",,"zc7avyagm1qi039m6tln8f",,,,"cashAndCarry",,true
"WFBH-8842","1647850998559",,"48088","48088","0",,"v3lecxtolwr0t2gtxbefqcj",,,,"cashAndCarry",,true
"SC5G-8878","1647851008658",,"550","550","0",,"9a31tgcqgyp2ten15gdwk",,,,"cashAndCarry",,true
"QYU9-8298","1647852627834",,"200","100","100",,"y79zc2yyspi77pz339or3c",,,,"cashAndCarry",,true
"SPRZ-0850","1647852670530",,"200","120","80",,"qr2me9rbbjp8uazbhbd63v",,,,"cashAndCarry",,true
"SCYR-9433","1647852719079",,"200","100","100",,"amg5jd57p3dxnovtuhtns",,,,"cashAndCarry",,true
"SCQQ-4777","1647852784448",,"200","150","50",,"y6zpaw2st9nuptibqtrhh",,,,"cashAndCarry",,true
"WT8X-6813","1647852826454",,"200","120","80",,"61sezx4cfqb22dmwkdok66",,,,"cashAndCarry",,true
"S747-1471","1648020880927",,"260","260","0",,"axq48ynfufsw5xmpgd8fnl",,,,"cashAndCarry",,true
"SSUX-9028","1647855168973",,"50050","500","49550",,"jty8qlhteh9r30licwkis8",,,,"cashAndCarry",,true
"SHVL-3337","1647862943009",,"3960","3960","0",,"nlrjl3729ta1yv82pirlf",,,,"cashAndCarry",,true
"S2W7-2788","1648040212480",,"430","430","0",,"07kb3avs3svwv7gwypfvdeo",,,,"cashAndCarry",,true
"SAVS-2864","1647927412652",,"150","10","140",,"zltmj1wezvga512kgkhxtp",,,,"cashAndCarry",,true
"SHYN-9640","1647929199348",,"47938","47938","0",,"f98fsff21o1rfgjh5pxtp",,,,"cashAndCarry",,true
"SRUJ-2284","1647929262006","2022-03-25","6050","6050","0",,"ymdopsx2uqs01f6wzqlce3h",114,"rohini","7878787870","onAccount",,true
"SIIY-2296","1647927862081",,"160","130","30",,"bxj9zli5bgr59vyyd3zc94",,,,"cashAndCarry",,true
"SFAT-5065","1647930624723",,"1530","1500","30",,"j7u17o52hsu0ympmgs4n",,,,"cashAndCarry",,true
"SCA4-9595","1648041639293",,"100","100","0",,"m7feybcgchedab9tj2qen",,,,"cashAndCarry",,true
"S4V1-6769","1648012706408",,"160","160","0",,"ohk2h4a9np3nvraklou65",,,,"cashAndCarry",,true
"SCPG-1278","1647929951060",,"160","90","70",,"s8tedcp7syc42irpdnle",,,,"cashAndCarry",,true
"SSLJ-1212","1647937220905",,"160","160","0",,"qkzilvzr40nr8qqx8ytotk",,,,"cashAndCarry",,true
"SUEG-6670","1647937236362",,"160","160","0",,"k8bkbpkongckehwg5dhk7",,,,"cashAndCarry",,true
"S6SP-8928","1647937258791",,"160","160","0",,"ymd3p0b7ny0fr9dxnrfxf8",,,,"cashAndCarry",,true
"ST8T-9091","1647945728788",,"630","630","0",,"hv8gek0gurmymfppea69j",,,,"cashAndCarry",,true
"SWY0-5642","1648103225284",,"200","200","0",,"n3jr2wf8okvuw2z7rq1ad",,,,"cashAndCarry",,true
"SDXC-6396","1648101586095",,"600","600","0",,"ds6ymx887fboa2m6xhq3aa",,,,"cashAndCarry",,true
"S4PD-7518","1647932477297","2022-03-22","160","160","0",,"2bxm0h6a73ip5gtulnq818",113,"New Cust","7896541236","onAccount",,true
"SIZE-1072","1648009900847",,"160","160","0",,"smfxn14kkxfw6a3f6dn3b",,,,"cashAndCarry",,true
"SZKR-5214","1648101654677",,"100","100","0",,"uq1zuzccgzr9yirqi2vldb",,,,"cashAndCarry",,true
"SG5I-5773","1647850975396",,"48088","48088","0",,"oea66ww5wo7kjn9f7kroc",,,,"cashAndCarry",,true
"SYFX-9780","1648012879597",,"160","160","0",,"yqhupegx5iq585vo9golw5",,,,"cashAndCarry",,true
"SQEF-6431","1647859136205",,"160","160","0",,"kt1y61agnpnzkuumqlhcab",,,,"cashAndCarry",,true
"SJWF-5837","1648015675538",,"160","160","0",,"hsq3xm1zsyw1vyc4mxpjie",,,,"cashAndCarry",,true
"SKJI-2294","1647863882087",,"160","50","110",,"oxfw3dnscggbvq8x09raa",,,,"cashAndCarry",,true
"S7HO-9158","1647925058934",,"160","160","0",,"i8b6f1w8rgdvfcglrvqbvh",,,,"cashAndCarry",,true
"SAWP-7863","1648020097490",,"160","160","0",,"c7hwfy21alh4d78dzddlg3",,,,"cashAndCarry",,true
"SNVI-6944","1648020676637",,"160","160","0",,"925kjivfynuwgc7t1ns3w",,,,"cashAndCarry",,true
"SOQO-7081","1648020856748",,"160","160","0",,"hbc7zpveiljhh0edigih9",,,,"cashAndCarry",,true
"SEOQ-9521","1648020869212",,"50160","50160","0",,"rgn73iefhhruot77ztntik",,,,"cashAndCarry",,true
"SCKR-7564","1647932417307","2022-03-22","550","550","0",,"221jvafxsxikitsiq1xdn",118,"march","8523698523","onAccount",,true
"SJ2N-2216","1648102751946",,"250","250","0",,"7qnh14yplqsu1tj086sfzf",,,,"cashAndCarry",,true
"SBF4-6932","1647854896638","2022-03-23","550","550","0",,"iq086h1ixeoly5f1i02yul",118,"march","8523698523","onAccount",,true
"SZK0-0500","1647925150276","2022-03-22","50050","50050","0",,"4uc78jtp07qy4og89nisvp",118,"march","8523698523","onAccount",,true
"SAAY-4100","1648101573793",,"600","600","0",,"xhyrofabgqlohd9btnfris",,,,"cashAndCarry",,true
"SN9O-1207","1648103120509","2022-03-25","200","200","0",,"nsdax46rc8cnixgwxpdga",130,"customer name","7896541235","onAccount",,true
"SH9Y-8986","1647930968709",,"550","50","500",,"buk47enokgeikxxhe2eok",,,,"cashAndCarry",,true
"SVI8-9103","1648097958798",,"140","185","0",,"zres542wrojfwil0fzoafp",,,,"cashAndCarry",,true
"SI3U-2688","1648103372012",,"200","120","80",,"s5rznk0qq3iv8jfw164d5o",,,,"cashAndCarry",,true
"SYED-8633","1648113018302",,"100","300","0",,"vu1carpkoid2x4enu6zi0k",,,,"cashAndCarry",,true
"SGBU-0498","1648102460210",,"490","150","0",,"wtojgidm0ukcugms2f4i",,,,"cashAndCarry",,true
"SMZC-4526","1648119964216",,"135","135","0",,"9gudyiv39wwato4y5nacp",,,,"cashAndCarry",,true
"SLQJ-6889","1648120106624","2022-03-30","62","62","0",,"kcvt2b1xico3uwy2i95q83",102,"fgfdhfdh","3434343434","onAccount",,true